pesticide,C_max_pst_soil,M_pst_soil,C_max_pst_surf,M_pst_surf,C_max_pst_sussed,M_pst_sussed,C_max_pst_sed,RI_max_fish,RI_max_invertebrate_water,RI_max_plant_nonvascular,RI_max_plant_vascular,RI_max_invertebrate_sed,RI_max_net,Exceedance_Events_Water,Exceedance_Events_Sed
(S)-CYPERMETHRIN,12.9894546589129,169.688712556048,0.00874249680271888,0.000178707168352384,0.0250782042714767,0.000905659691185439,25.0782042714767,0.00578973298193304,0.0416309371558042,0.000131071916082742,0.00539660296464129,0.00485694266817716,0.0578052876866384,0,0
"2,4-D",19.9971235948902,85.8754405744683,58.7290733468413,0.504204421279507,0.0277594454934706,0.000606711927792908,27.7594454934706,0.000587290733468413,0.000437623497368415,0.00242682121267939,0.0217515086469783,0.0151363591100106,0.0403396032005051,0,0
"2,4-D, 2-ETHYLHEXYL ESTER",29.6055656112118,35.7834684774966,51.1335077330865,0.168129237266624,0.0316798205895615,0.000207058723190002,31.6798205895615,0.29728783565748,0.0300785339606391,0.336404656138727,0.154950023433596,0,0,0,0
"2,4-D, BUTOXYETHANOL ESTER",1.03253340505981,0.663292864811995,3.12200394337485,0.00457126485990664,0.00137449908746859,4.23339612346041e-06,1.37449908746859,0.0145888034737142,0.00183647290786756,0.0205394996274661,0.00946061801022681,0,0,0,0
"2,4-D, DIETHANOLAMINE SALT",9.0829035385301,156.944603469162,24.7326058052974,1.03274749959508,0.0187134830801415,0.000121923411945372,18.7134830801415,0.000606191318757289,0.000211209272461976,0.00058262911202114,0.0826624525578122,0.00637438293950964,0.0904368652005622,0,0
"2,4-D, DIMETHYLAMINE SALT",291.357479900873,6294.83143053833,736.440313368888,33.7405996536261,0.399522657264952,0.0364144407986262,399.522657264952,0.00148775820882604,0.00736440313368888,0.0121324598578071,0.491091166557007,0.189804204476518,0.701879992233847,0,0
"2,4-D, ISOOCTYL ESTER",4.930384965542,0.586458815222495,23.04267886266,0.00977013226796017,0.00774721451358595,1.07357547500002e-06,7.74721451358595,0.133969063155,0.0135545169780353,0.151596571464869,0.0698262995838183,0,0,0,0
"2,4-D, TRIISOPROPANOLAMINE SALT",19.3806895805339,22.9006724775837,15.6297826361353,0.0590613049854878,0.036832907835759,0.000204970611278088,36.832907835759,0.000156297826361353,0.000133473805603205,0.000368192759390701,0.0104226344599462,0.0040282944938493,0.0151088933451507,0,0
"2,4-DB ACID",3.63849935950118,1.69654380511695,3.53567049623988,0.0144050145321019,0.00487459753762027,1.93210117374642e-05,4.87459753762027,0.00101019157035425,0.000141426819849595,0.00321424590567262,5.13905595383704e-05,0,0,0,0
"4-(2,4-DB), DIMETHYLAMINE SALT",231.75467586416,701.296439341853,231.093604492531,1.78496610403278,0.317887774788993,0.0114966027334416,317.887774788993,0.0660267441407232,0.00924374417970124,0.21008509499321,0.00335891866994958,0,0,0,0
ACEPHATE,679.717282874165,195.874495329949,227.105132646046,0.582172977429364,1.09888944654991,0.022682484883455,1098.88944654991,0.00206459211496405,0.00337954066437568,0.000231739931271475,0,0,0,0,0
ACETAMIPRID,70.0944414327588,54.297443085428,35.2046392588992,0.189496305148157,0.113848952393284,0.000973744154295929,113.848952393284,0.000352046392588992,0.000706920467046169,0.000358134682186157,0.0352046392588992,0.0125730854496069,0.0491948262503274,0,0
ACIBENZOLAR-S-METHYL,1.59350775930607,0.803489933752574,0.0681174933816167,0.000134746572292673,0.00223050606766352,8.58741196850391e-07,2.23050606766352,0.000170293733454042,2.8382288909007e-05,0.000136234986763233,0.000219733849618118,0,0,0,0
ALLETHRIN,0.0914120653864468,0.156451288712447,0.00555865776031722,3.0675908804622e-05,0.000160940839610509,3.43077468309849e-07,0.160940839610509,2.92560934753538e-07,0.000264697988586534,0,0,0,0,0,0
ATRAZINE,71.0896956598543,134.707816571333,34.6412074371801,0.109438402452157,0.120865639566609,0.000278778616688,120.865639566609,0.00769804609715114,0.000407543616908001,0.587139109104748,1.82322144406211,0.0346412074371801,2.4531073503181,1,0
"ATRAZINE, OTHER RELATED",1.76557147640052,10.3684598589753,0.848101055281275,0.00681326677422271,0.00328363750367042,1.89766943837499e-05,3.28363750367042,0.000188466901173617,9.97765947389735e-06,0.0143745941573097,0.0446368976463829,0.000848101055281275,0.0600580374196214,0,0
AZOXYSTROBIN,138.935208841095,13746.9923917283,77.442404590649,12.4716795808578,0.307065686698546,0.0568416220794527,307.065686698546,0.164771073597126,0.336706106915865,0.215117790529581,0.0242007514345778,0.368773355193567,1.10956907767072,0,0
BENEFIN,1.9066796045904,6.64712224708533,0.0867821592988919,0.000735306767562623,0.00426462005349307,7.84514766072353e-05,4.26462005349307,0.00107138468270237,8.67821592988919e-07,8.67821592988919e-07,0.00433910796494459,0,0,0,0
BENOMYL,0.00189012938695311,0.00220941337225415,0.000116733739683119,8.93926625822488e-08,2.22128813605426e-06,7.16516320144028e-08,0.00222128813605426,6.86669056959523e-07,4.16906213153996e-07,5.83668698415595e-08,5.3060790765054e-08,0,0,0,0
BENSULIDE,50.0614644029204,361.935451896496,1.37544656886659,0.0459566920244424,0.0847537961030149,0.0449078112877741,84.7537961030149,0.0012504059716969,0.00237145960149413,0.00176339303700845,0.012504059716969,0,0,0,0
BETA-CYFLUTHRIN,11.1492265127484,157.956854179035,0.0463432218805448,0.00075113790178935,0.0249935775214352,0.000737907628017004,24.9935775214352,0.681517968831541,0.159804213381189,0.0231716109402724,0.0551705022387438,0.102984937512322,1.02264923290407,0,0
BIFENTHRIN,118.148802546919,7918.21456915463,0.102067475817149,0.0190782909451056,0.255476189044456,0.0195645044155403,255.476189044456,0.392567214681343,0.927886143792266,0.000124169678609671,0.000309295381264089,0.00389570518386066,1.32478252871734,0,0
BOSCALID,519.66545642784,26992.4980963124,177.987246583354,18.0544745727605,1.04835397428346,0.765144012935972,1048.35397428346,0.0659212024382791,0.0333934796591658,0.047463265755561,0.0456377555341932,0,0,0,0
BROMACIL,2.39226590920928,1.55533682246683,14.8290194440545,0.0242693257454325,0.00407396336673162,3.12187056910053e-06,4.07396336673162,0.000411917206779291,0.000124613608773567,1.14069380338881,0.329533765423433,0,0,4,0
CARBARYL,228.535909513375,591.561770202635,118.579818534654,0.551950045541376,0.51642605454181,0.00222649809079369,516.42605454181,0.0456076225133284,18.5280966460397,0.19763303089109,0.00865546120690904,0.912152450266568,19.6921452109176,135,0
CHLORANTRANILIPROLE,60.1469565095016,5126.8576248161,29.1966798780125,6.44143771824999,0.127464947615819,0.0154586971157234,127.464947615819,0.00243305665650104,2.51695516189763,0.00729916996950311,0.0145983399390062,7.29916996950311,9.84045569796575,446,3565
CHLORFENAPYR,4.33248455210513,0.45020513113023,0.0184825488128217,1.49450551848424e-05,0.00308646948487449,6.74515896890797e-05,3.08646948487449,0.00264036411611739,0.00302992603488881,0,0,0,0,0,0
CHLOROTHALONIL,1010.15234616362,10328.3565293154,66.0718831951325,2.15709975714926,1.40104712916194,0.076184999225686,1401.04712916194,3.88658136441956,1.22355339250245,5.08245255347173,0.227834079983215,1.08314562614971,11.5035670165267,497,1
CHLORPYRIFOS,217.539933716965,3570.19204127856,10.2428773291161,0.383994372536016,0.433688920765528,0.0170249876475008,433.688920765528,0.409715093164642,102.428773291161,0.0213393277689918,0.0193261836398416,426.786555379836,529.66570927557,6006,14240
CHLORTHAL-DIMETHYL,9.51695171351254,24.5430161282571,0.616817311333033,0.00558304630806844,0.0145624803235735,0.00667281821962763,14.5624803235735,0.000131237725815539,0.000134090719855007,6.16817311333033e-05,5.60743010302758e-05,0,0,0,0
CLOMAZONE,85.1225760079416,324.234723555321,29.8735418527695,1.17428232206132,0.136504974147706,0.00258326387288502,136.504974147706,0.00207455151755343,0.00235224738998185,0.219658395976246,0.000878633583904984,0,0,0,0
CLOTHIANIDIN,10.7750347091127,266.302249390179,12.7417469845912,0.619436551267283,0.0210048424677737,0.000354202086692903,21.0048424677737,0.000122281640926979,0.00031854367461478,0.000231668126992567,0.000105303694087531,0.439370585675559,0.440148382812181,0,0
CYANTRANILIPROLE,117.218635306146,110.904039937717,269.538194241782,0.275142422454842,0.224497082593301,0.00140705329774317,224.497082593301,0.0213919201779192,13.4769097120891,0.0207337072493679,0.0222758838216349,0.000374879268764649,13.5416861026068,15,0
CYAZOFAMID,0.756755228335813,0.681564238875687,0.140205606014059,0.00017746735847788,0.000857644564046209,1.34450892709423e-05,0.857644564046209,0.000250367153596533,0.000737924242179255,0.00560822424056234,0.00424865472769874,0,0,0,0
CYCLOATE,2.64282144727577,15.1971035326838,2.43129921955934,0.0304563582795024,0.00433042789529832,0.000209469931583183,4.33042789529832,0.000540288715457631,0.000101304134148306,0.0398573642550711,0.00109271875036375,0,0,0,0
CYFLUTHRIN,241.599986263414,87.8300944308414,0.0245091123746063,0.000200728383517914,0.0479428683219065,0.00356922891533197,47.9428683219065,0.0521470476055452,0.153181952341289,2.45091123746063e-06,0.0291775147316741,0.222810112496421,0.457319078086167,0,0
CYPERMETHRIN,1.26149415344987,3.20513991225782,0.000540346017567275,4.79467612100917e-06,0.00226712075139322,4.50959718335653e-05,2.26712075139322,0.00035784504474654,0.00257307627412988,8.1011396936623e-06,0.000333546924424244,0.00030019223198182,0.00357276161497615,0,0
CYPRODINIL,355.13054527772,5415.74564367461,39.3380599049786,1.14008304804296,0.55988464717872,0.0540543414007258,559.88464717872,0.0163228464336011,0.178809363204448,0.0151300230403764,0.0051022126984408,0,0,0,0
DDVP,0.479547075006869,0.0247986518000521,0,0,2.28602043293893e-14,0,2.28602043293893e-11,0,0,0,0,0,0,0,0
"DDVP, OTHER RELATED",0.000115536630862035,5.10209335839395e-06,0,0,0,0,0,0,0,0,0,0,0,0,0
DEET,0.000169112160555527,1.47995978207472e-05,8.56991313098781e-06,7.37764537187749e-12,1.57834288849466e-07,3.68090508709855e-14,0.000157834288849466,1.20195135076968e-10,1.14265508413171e-10,0,0,0,0,0,0
"DEET, OTHER RELATED",8.63541668738031e-06,7.78924964423247e-07,9.54151810347275e-07,8.21407822936206e-13,8.05953189465613e-09,0,8.05953189465613e-06,1.33822133288538e-11,1.27220241379637e-11,0,0,0,0,0,0
DELTAMETHRIN,0.0265123946919213,0.00660282804965488,7.75836575366793e-07,5.43128001265143e-10,3.17234428924092e-05,1.15352699000875e-08,0.0317234428924092,5.17224383577862e-06,1.38542245601213e-06,1.65071611780169e-06,1.91564586510319e-06,1.98932455222255e-08,1.01439215202178e-05,0,0
DIAZINON,140.229343045629,534.759901267992,32.3041198854102,0.267467514065055,0.266658511895079,0.00293087662879361,266.658511895079,0.0104206838340033,32.3041198854102,0.00504751873209534,0,1.40452695153957,0,840,2
DICAMBA,0.0162022002326882,0.00436564453175102,0.320969824585656,0.000143233367751939,2.35112927578066e-05,1.88581437611545e-09,0.0235112927578066,3.24703919661767e-06,7.82853230696723e-06,3.68930832857076e-06,1.00303070183018e-05,0,0,0,0
"DICAMBA, DIMETHYLAMINE SALT",7.30565773704341,62.6041584967388,29.5997560375382,0.887877804530988,0.00565904278173254,2.04570290162536e-05,5.65904278173254,6.05931546316032e-05,3.7875567546434e-05,0.000340227080891243,0.000924992376173067,0,0,0,0
"DICAMBA, DIMETHYLAMINE SALT, OTHER RELATED",0.00357089104713304,0.0696012849336914,0.54707332886652,0.000181262364758456,2.12553241665928e-06,3.0589613458914e-08,0.00212553241665928,2.15722921477334e-06,1.33432519235737e-05,6.28819918237379e-06,1.70960415270788e-05,0,0,0,0
"DICAMBA, SODIUM SALT",0.338929854336204,28.8031617649489,11.4695843773856,0.325558718870566,0.000373699470839139,2.56400586209397e-06,0.373699470839139,4.52270677341703e-05,0.000662981755918242,0.00013183430318834,0.0003584245117933,0,0,0,0
DICOFOL,4.59484087269091e-06,3.98274455144816e-06,1.15272453586914e-07,3.2715255041442e-10,9.72685011868194e-09,1.53182119581306e-13,9.72685011868194e-06,2.2602441879787e-10,8.23374668477956e-10,1.53696604782552e-09,0,0,0,0,0
DIFENOCONAZOLE,229.798069022748,4628.88148091097,18.1474495093633,0.605456894173488,0.431325297115223,0.0279467145132171,431.325297115223,0.0164976813721485,0.0235681162459264,0.567107797167604,0.00725897980374533,0.0235681162459264,0.638000690835351,0,0
DIFLUBENZURON,11.7607539158211,9.49101755824807,0.702344450040407,0.00218127896328561,0.0327822508280177,5.54746828856728e-05,32.7822508280177,0.00540264961569544,0.270132480784772,3.51172225020203e-05,0.00369654973705477,0.0270132480784772,0.306280045438501,0,0
DIMETHOATE,62.6994582968314,751.704696340883,79.1663178514853,4.91511039405472,0.110265380073891,0.0121272855155565,110.265380073891,0.00262140125336044,0.0395831589257427,0.000875733604551829,0.000854927838568956,61.3692386445623,61.4131738661845,0,5140
DIMETHOMORPH,163.91499565225,225.575531878008,37.3178392733966,0.319580301603524,0.187347997543076,0.0345290499908994,187.347997543076,0.00611767856940928,0.00185660891907446,0.0012780081942944,0.0373178392733966,0,0,0,0
DINOTEFURAN,35.116372820028,380.223011551414,157.706420412953,2.46871462384329,0.0697534999042772,0.00405208862253424,69.7534999042772,0.00157706420412953,0.000162869379751061,0.00157706420412953,0.00143369473102684,6.57110085053969,6.57585154305873,0,234
DITHIOPYR,33.107426999695,59.0006626416574,6.04239669765328,0.0773100845352241,0.0753499063340589,0.000370793269022118,75.3499063340589,0.0167844352712591,0.000431599764118092,0.302119834882664,0,0,0,0,0
DIURON,349.866235655008,9246.4338776209,131.801263364398,7.42621250689884,0.772465921290484,0.160338290556945,772.465921290484,0.0196718303528953,0.0231230286604208,48.8152827275549,7.20225482865565,0,0,6142,0
ENDOSULFAN,9.69372424168048,10.7727909441501,0.152652845138959,0.000399817257927012,0.0210717806105288,1.77577654698661e-05,21.0717806105288,0.0763264225694793,0.000346938284406724,7.10013233204459e-05,0,0.00152652845138959,0,0,0
EPTC,82.0220401438771,105.033928204646,40.0501209218535,0.160438009679419,0.156838291527781,0.000420970050782292,156.838291527781,0.00286072292298953,0.00286072292298953,0.00733518698202445,0.0138103865247771,0,0,0,0
ESFENVALERATE,27.6778845003055,171.713771113514,0.03426753253821,0.000370655777373126,0.0632376313358939,0.00045872610367863,63.2376313358939,0.3426753253821,0.126916787178556,0.00527192808280154,0.0039845968067686,0.263596404140077,0.742445041590302,0,0
ETHALFLURALIN,113.054900463537,1980.94144962557,2.01119450596256,0.108484162670171,0.188122736693025,0.00889535772710034,188.122736693025,0.0147881948967835,0.0154707269689427,0.223466056218062,0.025139931324532,0,0,0,0
ETHOPROP,1.34158523923805,0.399288920327543,16.9114371839668,0.00631456719499406,0.00442437495858143,4.29074480226695e-07,4.42437495858143,0.0528482411998963,0.084557185919834,0.000597577285652537,0,0,0,0,0
ETOFENPROX,0.00156657703005662,0.000111258192926135,6.1119619175186e-06,2.36942129588783e-09,1.96815772651256e-06,5.94918430613345e-08,0.00196815772651256,2.26368959908096e-06,5.09330159793217e-06,4.07464127834573e-08,2.350754583661e-07,2.91045805596124e-07,7.92385887375881e-06,0,0
ETOXAZOLE,35.6412422486385,296.916744284716,0.898255897697961,0.0263662008482239,0.0716891722577891,0.000550473725176971,71.6891722577891,0.000320805677749272,0.126514915168727,8.98255897697961e-05,0.0160402838874636,0,0,0,0
FENAMIDONE,1.56853965127046,0.791977334883824,0.125560125129608,0.000583096109692974,0.000577090911132173,1.13466688921936e-05,0.577090911132173,0.000169675844769741,0.000660842763840042,3.26979492525021e-05,0.000142681960374555,0,0,0,0
FENHEXAMID,50.3972223472419,9.67567154173462,36.9651818442243,0.0521497888332926,0.278132016298167,0.000448696631889091,278.132016298167,0.0275859566001674,0.00196623307682044,0.00141629049211587,0.0369651818442243,0,0,0,0
FENPROPATHRIN,70.7368295614639,478.889171529457,2.31871067870411,0.0489485484259807,0.13082504394177,0.00431661577115973,130.82504394177,1.00813507769744,4.37492580887568,0.00115935533935205,0.00231871067870411,0,0,45,0
FENPYROXIMATE,12.2724527537026,22.9051578696098,0.416208514341252,0.00209587797151499,0.0190631672165626,2.58854240333991e-05,19.0631672165626,0.396389061277383,0.126892839738187,0.0442775015256651,0.00219057112811185,0,0,0,0
FIPRONIL,0.015126624390272,0.0090137107745615,0.00285093617728672,6.77809657782267e-06,3.03320835957063e-05,3.00779959034606e-09,0.0303320835957063,1.14957103922852e-05,1.50049272488775e-05,4.19255320189224e-05,1.7818351108042e-05,0.000770523291158574,0.000856767811926701,0,0
FLONICAMID,0.17186575431584,3.93398986306493,6.51820287912128,0.0200578516183411,0.000146873489802587,9.9588197988894e-07,0.146873489802587,6.51820287912128e-05,6.51820287912128e-05,6.51820287912128e-05,5.47748141102628e-05,3.25910143956064e-05,0.000282911914879508,0,0
FLUAZINAM,12.419989700875,16.9283332069921,0.00980574226695665,9.7788168443419e-05,0.0216119059651688,3.33526592567295e-05,21.6119059651688,0.00028016406477019,4.45715557588939e-05,6.12858891684791e-05,1.82942952741729e-07,0.000236853677945813,0.000623058130596118,0,0
FLUBENDIAMIDE,48.2437879893797,3614.06929404681,4.1632798147984,0.874279168214972,0.103073140521933,0.0288286123550968,103.073140521933,0.0693879969133067,0.0693879969133067,0.0603373886202667,0.0762505460585788,0.00350444428855084,0.27886837279401,0,0
FLUDIOXONIL,97.5854491694558,1028.1845209887,0.0795533097433355,0.00462861171875869,0.151648997495815,0.0838845275669616,151.648997495815,0.000345883955405806,0.000198883274358339,0.00331472123930564,8.64709888514516e-05,0,0,0,0
FLUMIOXAZIN,140.318673776554,1243.53591768393,17.8424637987581,0.951003715054396,0.16630714844821,0.023831863022245,166.30714844821,0.00775759295598177,0.00302414640656916,20.9418589187301,50.9784679964516,0,0,7057,0
FLUOPICOLIDE,2.09059681213203,24.0672208120845,1.62092013583348,0.0343446583576568,0.00336342209025218,0.000637122204749412,3.36342209025218,0.00450255593287077,0.000900511186574155,0.0558937977873613,0.000506537542447962,0,0,0,0
FLUOPYRAM,78.5863894985542,5372.27943627358,122.259184145167,8.2302215166643,0.174958851152741,0.0205635533054088,174.958851152741,0.124754269535885,0.00122259184145167,0.108193968270059,0.0526979242005029,0,0,0,0
FLUPYRADIFURONE,31.2237647073495,675.622375128433,25.8640106142556,0.955203741847968,0.0661259270112269,0.00259799759700369,66.1259270112269,0.000366865398783767,0.000333299105853809,0.000258640106142556,0.000382038561510422,0,0,0,0
FLUTOLANIL,1.0320848640544,1.93899491319998,0.53341029405589,0.00294941392717305,0.0019441269620758,5.89582984644018e-06,1.94412696207579,9.87796840844241e-05,7.84426903023368e-05,0.000166690716892466,6.66762867569862e-05,0,0,0,0
FLUXAPYROXAD,45.315752206607,2350.76865520919,15.2898228242983,1.76292173204296,0.0899902381579667,0.00309141282684321,89.9902381579667,0.0328107785929147,0.0022551361097785,0.0218426040347118,0.00698165425767043,0,0,0,0
GAMMA-CYHALOTHRIN,0.218034173444258,0.263653772212349,0.000552597682926613,2.62743061234096e-06,0.000400383438498961,7.18178402137499e-07,0.400383438498961,0.0157885052264747,0.0122799485094803,1.93893923833899e-07,0.00108779071442247,0.000368398455284409,0.0295248367995857,0,0
GLUFOSINATE-AMMONIUM,711.057304242238,4048.10883238575,222.254561697956,4.09266554816818,0.846026512395413,0.01354778598533,846.026512395413,0.000313034593940784,0.00033271640972748,0.00477966799350444,0.151193579386365,0,0,0,0
GLYPHOSATE-TRIMESIUM,0.715999756406763,0.107763340238896,0.00386404656204191,1.06006856402318e-06,0.000840359000066513,4.18559271072669e-09,0.840359000066513,2.14669253446773e-09,3.22003880170159e-07,2.03370871686416e-07,3.22003880170159e-07,3.86404656204191e-07,1.23592998076539e-06,0,0
"GLYPHOSATE, DIAMMONIUM SALT",56.3521669355937,4.3988349431299,2.69024901096463,0.00280713555486424,0.0455972683284995,1.23939781939925e-06,45.5972683284995,2.69024901096463e-05,2.69024901096463e-05,0.000141592053208665,0.000224187417580386,0.000269024901096463,0.000688609352104805,0,0
"GLYPHOSATE, ISOPROPYLAMINE SALT",1032.68711018203,13431.7838016524,36.0421024267313,1.25858724046057,1.55774790619672,0.222419881613707,1557.74790619672,3.60060963304009e-05,7.65225104601514e-05,0.000494404697211677,0.000407716090800128,0,0,0,0
"GLYPHOSATE, MONOAMMONIUM SALT",2.24051287539733,1.64858768294195,0.233875266115242,0.00132974021310111,0.00234759138103244,3.01377253571595e-05,2.34759138103244,2.33875266115242e-06,2.33875266115242e-06,1.23092245323811e-05,1.94896055096035e-05,2.33875266115242e-05,5.98638619758136e-05,0,0
"GLYPHOSATE, POTASSIUM SALT",2984.90586264417,17114.4366016794,247.806660473727,10.1425644636992,3.18348993488764,0.383240461731181,3183.48993488764,0.00247806660473727,0.00247806660473727,0.0130424558144067,0.0206505550394773,0.0247806660473727,0.0634298101107313,0,0
HEXAZINONE,66.7322685342463,2690.81933138583,265.881928012186,13.4365594154223,0.0976410822537902,0.061585570470063,97.6410822537902,0.000830881025038081,0.0031280226824963,18.3366846904956,3.6928045557248,0,0,1517,0
IMAZALIL,0.0171284582768093,0.000824020332108773,0.00034707120504568,9.3039748336363e-08,2.98331393637559e-05,1.86173466667574e-08,0.0298331393637559,2.34507570976811e-07,9.91632014416227e-08,3.98932419592735e-07,0,0,0,0,0
"IMAZAMOX, AMMONIUM SALT",1.76431655819374,16.6227833792638,23.1046023518574,0.168703732434493,0.00270443419048826,6.29841236695878e-05,2.70443419048826,0.000238191776823272,0.000231046023518574,0.000793972589410908,2.1004183956234,0,0,6,0
IMIDACLOPRID,887.265997604114,16131.8480557331,327.501051725911,24.9658267088204,1.18517551552561,0.144525943000214,1185.17551552561,0.00394579580392663,0.0038529535497166,0.0327501051725911,0,5.95456457683474,0,0,723
INDAZIFLAM,58.4197273206419,1607.59462993273,16.9264731632645,0.974680477883921,0.107066789671154,0.00629328402787852,107.066789671154,0.0403011265792011,0.00171320578575551,0.0225686308843526,890.867008592866,0,0,60633,0
INDOXACARB,7.37140683745343,43.543555874872,0.227984763779757,0.00654221533410265,0.0135639117139008,0.000472195457041163,13.5639117139008,0.00134108684576327,0.00134108684576327,0.0028858830858197,0.00271410433071139,0,0,0,0
IPRODIONE,237.550616239833,1377.58361028345,85.3872429719139,1.55337998627687,0.384350808156746,0.0104961632759756,384.350808156746,0.0230776332356524,0.129374610563506,0.0474373572066188,0.0853872429719139,0,0,0,0
ISOXABEN,252.487886700498,2326.42152360598,26.183658732548,1.45773105713484,0.478138479780917,0.0156011833242036,478.138479780917,0.0300961594626989,0.0201412759481139,0.0187026133803915,2.38033261204982,0,0,227,0
KRESOXIM-METHYL,27.1218656171509,11.7842029285385,9.66450301766302,0.0140600998051876,0.0220339517710961,1.38288644716335e-05,22.0339517710961,0.0508658053561212,0.0519596936433496,0.153404809804175,0.0321079834473855,0,0,0,0
LAMBDA-CYHALOTHRIN,37.6136710334221,5894.95826291439,0.203407063910046,0.015184064361565,0.0808284444051884,0.0622468207422045,80.8284444051884,0.968605066238314,0.88437853873933,0.0406814127820092,0.400407606122138,0.135604709273364,2.42967733315516,0,0
LINDANE,0.0997228968239848,0.492857175798551,0.00703859539298919,0.000170907881380453,0.000146948147072943,2.51846300809179e-05,0.146948147072943,0.00242710185965144,4.39912212061824e-06,2.81543815719568e-06,0.000260688718258859,0.00017596488482473,0.00287097002301285,0,0
LINURON,19.3950536295713,194.006264612479,4.15641925341327,0.0898303981209525,0.0358637284000019,0.0022505605955864,35.8637284000019,0.00131949817568675,0.0134078040432686,0.259776203338329,0.24449525020078,0.000415641925341327,0.519414397683406,0,0
MALATHION,113.98293305329,48.9462940351646,4.04920862342291,0.0212981073570365,0.13958183686152,0.0011714293419791,139.58183686152,0.224956034634606,5.78458374774701,0.000311477586417147,0.000168717025975954,10.1230215585573,16.1330415355513,20,64
MANDIPROPAMID,8.55063828799038,9.03772081218533,21.7177085208676,0.00918007133796417,0.0117296945527616,0.000208109632870377,11.7296945527616,0.00748886500719572,0.00305883218603769,0.00109685396570038,0.00493584284565172,0,0,0,0
"MCPA, DIMETHYLAMINE SALT",193.532757816626,2253.90049094705,665.22799613548,14.5622486094856,0.400391288141487,0.0218542253644916,400.391288141487,0.0138589165861558,0.0162250730764751,4.15767497584675,5.11713843181138,0,0,59,0
METALAXYL,0.241861789208491,0.353902653863425,0.224430296049216,0.00080989413980586,0.000356957600136331,7.28696425704721e-06,0.356957600136331,0.0002337815583846,6.46773187461718e-05,0.000534357847736229,2.64035642410842e-06,0,0,0,0
METCONAZOLE,43.5478690174883,1651.40766457671,6.13582275381643,0.974881821461124,0.0880761117023498,0.00149096368322925,88.0761117023498,0.00292182035896021,0.0014609101794801,0.00360930750224496,0.0116429274265966,0,0,0,0
METHIDATHION,0.223866209559662,0.0110549639643784,0.011818344469238,1.14432134957509e-06,0.000101775984648555,5.14342706496125e-07,0.101775984648555,0.0011818344469238,0.00184661632331844,5.37197475874456e-07,0,0,0,0,0
METHIOCARB,792.503608384618,1363.97879427923,127.398919852172,1.05930206320903,1.33491852734994,0.152592335555419,1334.91852734994,0.19599833823411,15.9248649815215,0.0579085999328053,0,1.23688271701137,0,123,2
METHOMYL,49.7469376862858,511.476562806745,50.3228853660615,0.898924274725031,0.112113519237955,0.0011939980396595,112.113519237955,0.0798775958191452,6.62143228500809,0.000503228853660615,0,1.57259016768942,0,169,6
METHOXYFENOZIDE,236.250407664081,13559.411765358,222.641824952344,17.0193439040681,0.503679729309403,0.0389608490312888,503.679729309403,0.0530099583219868,0.0601734662033363,0.065482889691866,0,0.86631060292741,0,0,0
METOLACHLOR,394.618747389815,1680.12202543446,156.250299459294,3.57632325758207,0.786537367379787,0.00498297594253414,786.537367379787,0.040064179348537,0.00664894891316146,0.00273643256496137,3.63372789440219,0,0,76,0
METRIBUZIN,42.4474887312165,282.877815078582,44.6158200855576,0.927453162759991,0.0601689876812624,0.00406872531535635,60.1689876812624,0.000598067293372086,0.000910526940521584,1.67728646938187,2.77116894941352,0.00103277361309161,4.45099678664237,20,0
MEVINPHOS,0.0182137265463725,0.000430528801165,0.0236508901259711,6.83117680635249e-06,1.51908958917085e-05,1.07439771177602e-10,0.0151908958917085,0.00197090751049759,0.147818063287319,3.33111128534804e-07,0,0,0,0,0
"MEVINPHOS, OTHER RELATED",0.0215810523052853,0.00120790072267148,0.025028329737323,1.1835737065771e-05,2.71762644703731e-05,2.46243559968705e-10,0.0271762644703731,0.00208569414477691,0.156427060858269,3.52511686441169e-07,0,0,0,0,0
MYCLOBUTANIL,92.9282841973186,1779.42897463209,44.080159622002,1.50905495842369,0.169301645286726,0.018425694292277,169.301645286726,0.022040079811001,0.00259295056600012,0.0165714885797,0.000419811044019067,0,0,0,0
NAPROPAMIDE,137.745765215772,453.680055080328,13.7126802712827,0.286296829264011,0.213338204082141,0.00407116321717241,213.338204082141,0.00207767882898222,0.000958928690299487,0.00403314125625961,0.0571361677970111,0,0,0,0
No Applications,0,0,0,0,0,0,0,0,0,0,0,0,0,0,0
NORFLURAZON,39.7774820549038,1050.23130499992,10.9709749071197,0.995229845063525,0.0852988439286146,0.00243531129855024,85.2988439286146,0.00135444134655799,0.000731398327141315,0.623350846995439,0.127569475664183,0,0,0,0
NOVALURON,7.38277981336279,28.35246555609,0.0863063114426756,0.000764718446326039,0.0157063112084392,0.000200505897082042,15.7063112084392,8.63063114426756e-05,0.00148803985245992,8.91594126473921e-06,0.00115075081923567,0,0,0,0
ORYZALIN,919.206540164067,13421.8285547669,411.171024104756,9.23351397126267,1.54391697175177,0.0801960364053348,1543.91697175177,0.14376609234432,0.403108847161525,0.0227166311660086,26.6994171496595,0,0,795,0
OXADIAZON,116.856212092969,245.120012207784,4.51077037763289,0.0426725086360158,0.254870735491306,0.00149100973909714,254.870735491306,0.00375897531469407,0.00187948765734704,1.12769259440822,0.0791363224146121,0,0,7,0
OXAMYL,9.69624237178118,6.36001997176996,11.4765944120203,0.0205155171094726,0.0154061050531354,5.19318884090712e-06,15.4061050531354,0.0036666435821151,0.0359767849906591,0.0123404240989465,0.00321473232829699,0.0327902697486293,0.0879888547486471,0,0
OXATHIAPIPROLIN,0.444313098264489,1.79459459828651,0.0197458142305411,0.000168487042738956,0.000669507055295402,3.94528760590449e-05,0.669507055295402,2.8617122073248e-05,2.94713645231957e-05,5.62558809986926e-05,2.4994701557647e-05,3.52603825545377e-05,0.000174599451707321,0,0
OXYFLUORFEN,990.820102652019,27133.7674414259,12.8030170944692,2.39177753672065,1.55176283507731,0.101918883347739,1551.76283507731,0.0512120683778767,0.177819681867627,0.00640150854723458,9.14501221033512,0,0,3899,0
PACLOBUTRAZOL,0.599908874432635,1.61483626211045,0.101269613968618,0.000635020737292592,0.00125713242225433,0.000154813529043827,1.25713242225433,4.2910853376533e-06,3.05028957736801e-06,1.40652241623081e-05,0.0123499529230022,0,0,0,0
PARAQUAT DICHLORIDE,903.855089225912,131570.732004398,1.71467332486158,0.906543774375017,1.71957889770882,0.962416188214577,1719.57889770882,0.000114311554990772,0.00142889443738465,0.00535835414019244,0.0194849241461543,0,0,0,0
PENDIMETHALIN,1199.016377198,89890.752038712,11.4419011026258,3.38005600365691,1.75414512456,1.19368048609352,1754.14512456,0.0583770464419683,0.0778360619226244,2.86047527565645,0.520086413755718,0.00504048506723603,3.52181528284399,525,0
PENOXSULAM,3.92344368345833,12.9973304193043,10.1765621187018,0.149416649586569,0.00629124907061311,8.29762359546417e-05,6.29124907061311,0.000101765621187018,0.000101765621187018,0.0436762322691062,5.08828105935088,0,0,55,0
PENTHIOPYRAD,35.6882584552568,97.073978229407,5.18221749127874,0.0794380142118691,0.0320544123665196,0.000250802696439307,32.0544123665196,0.0178697154871681,0.00375523006614402,0.0032798844881511,0.00428282437295764,0,0,0,0
PERMETHRIN,118.240600370153,503.934611712621,0.147978919118201,0.00247658391205122,0.175946596738539,0.00382934975643245,175.946596738539,0.0118383135294561,0.246631531863668,0.0118383135294561,0.0462434122244377,0.0510272134890347,0.367578784636052,0,0
PHORATE,156.076481688233,335.58322974096,1.78353236695483,0.0176018460040251,0.287665808230668,0.000819646984172296,287.665808230668,0.137194797458064,0.445883091738707,0.00137194797458064,0.000198170262994981,0.0220189181105535,0.6066669255449,0,0
PHOSMET,99.6351582124476,197.844751965482,3.38636966717276,0.0367586227667694,0.228168938883143,0.00203743730655352,228.168938883143,0.0141098736132198,1.69318483358638,0.0483767095310395,0.00188131648176265,0,0,12,0
PIPERONYL BUTOXIDE,5.71898196697102,5.83314606138608,0.0122313801050135,6.17778430618356e-05,0.0122993978582681,2.98680585207683e-05,12.2993978582681,2.30780756698368e-06,2.39830982451245e-05,5.09640837708895e-05,0,0,0,0,0
"PIPERONYL BUTOXIDE, OTHER RELATED",0.750058724994377,0.315438348972643,0.0287710754063236,6.61535130014131e-05,0.00166428002196223,5.76895272543842e-06,1.66428002196223,5.42850479364596e-06,5.64138733457325e-05,0.000119879480859682,0,0,0,0,0
PRALLETHRIN,0.00325606973994226,0.000136136813761831,9.06743017888709e-05,1.25092612200615e-08,5.4337282871201e-06,1.15229890058348e-08,0.0054337282871201,7.55619181573924e-06,1.46248873853018e-05,0,6.84851221970324e-05,0,0,0,0
PRODIAMINE,48.4022472035075,315.885919809125,1.54704397858421,0.0376771591626095,0.0930820890591588,0.00824764168480611,93.0820890591588,0.00186615678960701,0.00235113066654135,0.515681326194737,0,0,0,0,0
"PRODIAMINE, OTHER RELATED",0.00966960419831721,0.0144006005389051,0.000183207843893368,1.37473086269169e-06,1.60531655292483e-05,3.02582917313635e-07,0.0160531655292483,2.20998605420227e-07,2.78431373698128e-07,6.10692812977894e-05,0,0,0,0,0
PROMETON,0.0203650123278375,0.0325860128169068,0.055609278851013,0.000219089449660711,4.15671118412616e-05,1.99061890865849e-08,0.0415671118412616,4.63410657091775e-06,2.16378516930012e-06,0.000139023197127533,8.91174340561106e-05,0,0,0,0
PROMETRYN,3.60128930944023,63.1612325733777,2.37291731936734,0.100492957128916,0.00604482996211965,0.00155182795742468,6.04482996211965,0.000431439512612243,0.000187434227438178,1.18645865968367,0.225992125654032,0,0,8,0
PROPANIL,129.516038459097,79.8748292872807,388.764275467539,2.99323097555535,0.432942539906868,0.00262991945990902,432.942539906868,0.0719933843458405,0.162662876764661,3.53422068606853,0.0670283233564722,0,0,20,0
PROPARGITE,565.789413034259,3231.38121113338,1.45565608161536,0.0404581069833071,1.12930563330601,0.00341270317370827,1129.30563330601,0.0338524670143106,0.103975434401097,0.0013478297051994,2.274462627524e-05,0,0,0,0
PROPICONAZOLE,69.4731516601386,2014.69091651707,12.5677107317681,1.36954641547505,0.130198229661403,0.0072661639527504,130.198229661403,0.00483373489683388,0.00123212850311452,0.135136674535141,0.00256483892485063,0,0,0,0
PROPYZAMIDE,11.5181979779484,8.14390872201495,4.27760024866458,0.0107358025759323,0.0184436409879162,0.000324757513534646,18.4436409879162,0.000910127712481826,0.000763857187261533,0.00152771437452307,0.00305542874904613,0,0,0,0
PYRACLOSTROBIN,219.495901353689,3277.47136548544,5.40338215478334,0.177485338564428,0.377744634964684,0.0561633728529207,377.744634964684,0.900563692463891,0.337711384673959,0.00640970599618428,0.00314150125278101,0,0,0,0
PYRIMETHANIL,99.5984448538269,829.48678149674,50.1739511306597,1.2633783489154,0.139495403127024,0.00157284931323294,139.495403127024,0.00475132112979732,0.0173013624588482,0.0418116259422164,0.00643255783726407,0,0,0,0
PYRIPROXYFEN,31.326166061365,12.9481036494641,0.135719730538819,0.000406767836430254,0.0453703649554289,0.00028555676199954,45.3703649554289,0.000502665668662291,0.000339299326347046,0.000904798203592124,0.000753998502993436,0,0,0,0
QUINOXYFEN,266.008728170974,8108.84716283205,2.7591031674757,0.163011483216939,0.47547079820291,0.108640702939599,475.47079820291,0.0102189006202804,0.0344887895934463,0.102189006202804,0.00149140711755443,0,0,0,0
S-METHOPRENE,1.64365608571419,2.28923398094691,0.126900520220178,0.000671224862121764,0.00364084163432921,2.71394111458524e-07,3.64084163432921,0.000166974368710761,0.00035250144505605,9.54139249775774e-05,0,0,0,0,0
S-METOLACHLOR,219.741620557303,4971.65599868704,101.670837366212,6.81598021668081,0.347524438318951,0.0154673200944766,347.524438318951,0.0826592173709038,0.00907775333626889,5.98063749213009,2.74786046935707,0,0,598,0
SIMAZINE,843.118617838137,8385.39788159594,1181.6958569701,29.4089045993806,1.26882720270453,0.0870229561878007,1268.82720270453,0.0131299539663345,1.07426896088191,29.5423964242526,3.93898618990035,1.1816958569701,35.7504773859713,1202,4
SULFENTRAZONE,2.7816693718103,60.1695433553683,10.9509163491832,0.258029344076268,0.00491416051476002,4.66131020871761e-05,4.91416051476002,0.000116747509053125,0.000181306562072569,0.000333869400889731,0.0377617805144247,0,0,0,0
SULFOMETURON-METHYL,0.240277977406498,0.179536526033659,0.388676856200344,0.00021473311666583,0.000368203770707646,7.94712544304956e-08,0.368203770707646,3.10941484960275e-05,3.10941484960275e-05,0.0903899665582195,0.863726347111875,0,0,0,0
TAU-FLUVALINATE,5.82896635364865,2.89948062322574,0.00981922865840393,3.22837844388214e-05,0.00639970859191626,4.48471765846537e-05,6.39970859191626,0.0123667867234306,0.00110328411892179,2.33791158533427e-07,0,0,0,0,0
TEBUCONAZOLE,130.033800443386,12915.8201621834,45.3860223276724,8.20795444117947,0.290310646923253,0.0544805188366424,290.310646923253,0.010315005074471,0.0162673915152948,0.0231561338406492,0.315180710608836,0.0238999590983004,0.388819200137552,0,0
TEBUFENOZIDE,28.4298019969805,18.3904263013541,12.4596715974685,0.0110822248627259,0.0647001891127856,2.96124084383645e-06,64.7001891127856,0.00415322386582282,0.00327886094670223,0.0541724852063846,0.0132549697845409,0,0,0,0
TEBUTHIURON,0.140814839715475,0.527546634755145,0.223648498275147,0.00131999976961919,0.000211809709691445,2.63838879705097e-07,0.211809709691445,2.5706723939672e-06,9.93993325667319e-07,0.00447296996550294,0.00165665554277887,0,0,0,0
TETRACONAZOLE,43.1148164528671,2564.66373442981,9.904300924976,0.908761005395285,0.089655075271251,0.0105808270569863,89.655075271251,0.00230332579650605,0.00330143364165867,0.00412679205207334,0.0190467325480308,0,0,0,0
THIABENDAZOLE,3.56279700942795,13.2307575935546,0.0608976768205559,0.000442692909638553,0.00754203610341841,0.00150670695769871,7.54203610341841,0.000110723048764647,7.51823170624146e-05,6.76640853561732e-06,2.62489986295499e-05,0,0,0,0
"THIABENDAZOLE, HYPOPHOSPHITE SALT",0.55512816015935,1.29571975584574,0.0194758868058761,0.000140363715411318,0.00119713547695742,1.22067317939065e-05,1.19713547695742,3.54107032834111e-05,2.40443046986125e-05,2.16398742287512e-06,8.39477879563625e-06,0,0,0,0
THIAMETHOXAM,32.7570462008784,518.175454871235,99.3707713941454,1.76177919171653,0.0617242687721729,0.000181227271937441,61.7242687721729,0.000794966171153163,0.000993707713941454,0.000993707713941454,0.00110411968215717,1.79693980821239,1.80082630949359,0,28
THIOBENCARB,369.942090441423,363.52944260526,38.8061338360871,0.456536642550147,0.708443158286093,0.00310539827226045,708.443158286093,0.0395980957511093,0.0352783034873519,2.28271375506395,0.0391981149859466,0,0,10,0
TRIADIMEFON,0.565958022030367,0.228779888147558,0.640774869257193,0.00103248938034052,0.000975008963281569,2.16745788147051e-05,0.975008963281569,0.000157052664033626,8.94936968236303e-05,0.000318793467292136,0,0,0,0,0
TRICLOPYR CHOLINE,97.8332841250144,26.7673592511845,170.157426711949,0.244860452084977,0.130028167263722,0.00078637509701038,130.028167263722,0.000361268421893736,0.00162830073408564,0.0288402418155847,0.00354494638983228,0,0,0,0
"TRICLOPYR, BUTOXYETHYL ESTER",25.0773732232672,3.00722394028661,9.87926119005989,0.0090939043477456,0.00871410866199802,0.000113049211831107,8.71410866199802,0.00759943168466145,0.00340664178967582,0.0032930870633533,0.000224528663410452,0,0,0,0
"TRICLOPYR, TRIETHYLAMINE SALT",103.738342363526,440.052549935604,656.962237654343,6.08138812429428,0.160420756675418,0.00169512664277178,160.420756675418,0.00139482428376718,0.00628671997755352,0.111349531805821,0.0136867132844655,0,0,0,0
TRIFLOXYSTROBIN,53.8033383871905,61.187113725233,10.6034854584945,0.0211851273907227,0.123456884813517,0.00025195734579717,123.456884813517,0.481976611749751,0.963953223499501,2.00065763367821,0.0054940339163184,0.0235633010188767,3.47564480386266,1,0
TRIFLURALIN,202.324320140053,15848.063707144,5.19412183936773,0.374659045775208,0.443829541770527,0.126688638048704,443.829541770527,0.0590241118109969,0.0212004973035417,0.425747691751453,0.11940509975558,0.00519412183936773,0.630571522460939,0,0
